provider,case_id,title,category,tmdb,season,episode,status,checked_at,binary_sha256,cold_ms,metadata_ms,cold_http_requests,warm_median_ms,warm_http_requests,cold_to_first_frame_ms,warm_to_first_frame_ms,attempt_ms,cards,decode_attempts,sdk_playback,cache_playback_valid,selected_audio_language,header_recovered
vixsrc,casablanca,Casablanca,movie,289,,,played,2026-10-03T03:40:28.630600+00:00,099b1bee68fe7bd5915017c3645813534c1bde989fbaeef420ae4040539c29c6,580.335009,75.788674,3,0.005741,"0,0,0",5468.330683,4024.486741,11860.582,1,1,True,True,,False
vixsrc,matrix,The Matrix,movie,603,,,played,2026-10-03T03:40:40.431657+00:00,099b1bee68fe7bd5915017c3645813534c1bde989fbaeef420ae4040539c29c6,563.082901,41.393826000000004,3,0.00579,"0,0,0",5352.293727,3920.3237900000004,11650.94,1,1,True,True,,False
vixsrc,inception,Inception,movie,27205,,,played,2026-10-03T03:40:52.071361+00:00,099b1bee68fe7bd5915017c3645813534c1bde989fbaeef420ae4040539c29c6,554.393757,38.41288,3,0.0057139999999999995,"0,0,0",6991.714637,5563.424714,18402.512,1,1,True,True,,False
vixsrc,dune-2,Dune: Part Two,movie,693134,,,played,2026-10-03T03:41:10.460943+00:00,099b1bee68fe7bd5915017c3645813534c1bde989fbaeef420ae4040539c29c6,539.95787,40.192266,3,0.005553,"0,0,0",5359.832136,4113.103553,10826.651,1,1,True,True,,False
vixsrc,sinners,Sinners,movie,1233413,,,played,2026-10-03T03:41:21.304063+00:00,099b1bee68fe7bd5915017c3645813534c1bde989fbaeef420ae4040539c29c6,556.599685,40.033806,3,0.005934,"0,0,0",5038.348491000001,4100.382934,10242.613,1,1,True,True,,False
vixsrc,twilight-zone,The Twilight Zone,series,6357,1,2,played,2026-10-03T03:41:31.541833+00:00,099b1bee68fe7bd5915017c3645813534c1bde989fbaeef420ae4040539c29c6,554.738991,37.030508,3,0.017834,"0,0,0",6027.286499,3797.996834,12288.601,1,1,True,True,,False
vixsrc,friends,Friends,series,1668,1,2,played,2026-10-03T03:41:43.876083+00:00,099b1bee68fe7bd5915017c3645813534c1bde989fbaeef420ae4040539c29c6,573.581191,63.81373,3,0.006274,"0,0,0",9661.981920999999,7936.6232740000005,19848.611,1,1,True,True,,False
vixsrc,breaking-bad-s2,Breaking Bad,series,1396,2,1,played,2026-10-03T03:42:03.710343+00:00,099b1bee68fe7bd5915017c3645813534c1bde989fbaeef420ae4040539c29c6,562.368621,60.611494,3,0.006218,"0,0,0",6149.225115,4600.151218000001,12621.788,1,1,True,True,,False
vixsrc,severance-s2,Severance,series,95396,2,1,played,2026-10-03T03:42:16.316790+00:00,099b1bee68fe7bd5915017c3645813534c1bde989fbaeef420ae4040539c29c6,564.286341,43.348169999999996,3,0.006018,"0,0,0",12828.340511,11211.587018,25478.862,1,1,True,True,,False
vixsrc,last-of-us-s2,The Last of Us,series,100088,2,1,played,2026-10-03T03:42:41.775006+00:00,099b1bee68fe7bd5915017c3645813534c1bde989fbaeef420ae4040539c29c6,572.736361,14.275289,3,0.006015,"0,0,0",11709.28465,8945.420015000002,22751.04,1,1,True,True,,False
vixsrc,cowboy-bebop,Cowboy Bebop,anime,30991,1,2,resolve_error,2026-10-03T03:43:04.301331+00:00,099b1bee68fe7bd5915017c3645813534c1bde989fbaeef420ae4040539c29c6,173.73601299999999,14.431363,1,174.004414,1,,,362.749,0,0,False,True,,False
vixsrc,death-note,Death Note,anime,13916,1,2,resolve_error,2026-10-03T03:43:04.687765+00:00,099b1bee68fe7bd5915017c3645813534c1bde989fbaeef420ae4040539c29c6,181.467943,13.868874,1,190.658955,1,,,386.417,0,0,False,True,,False
vixsrc,aot-s3,Attack on Titan,anime,1429,3,2,resolve_error,2026-10-03T03:43:05.045601+00:00,099b1bee68fe7bd5915017c3645813534c1bde989fbaeef420ae4040539c29c6,172.13538,14.157877,1,171.134752,1,,,357.818,0,0,False,True,,False
vixsrc,frieren,Frieren: Beyond Journey’s End,anime,209867,1,2,resolve_error,2026-10-03T03:43:05.434249+00:00,099b1bee68fe7bd5915017c3645813534c1bde989fbaeef420ae4040539c29c6,196.61015700000002,14.681115,1,176.94870400000002,1,,,388.627,0,0,False,True,,False
vixsrc,solo-leveling-s2,Solo Leveling,anime,127532,2,1,resolve_error,2026-10-03T03:43:05.818861+00:00,099b1bee68fe7bd5915017c3645813534c1bde989fbaeef420ae4040539c29c6,180.502252,14.263803000000001,1,189.445412,1,,,384.591,0,0,False,True,,False
vixsrc,akira,Akira,anime_movie,149,,,resolve_error,2026-10-03T03:43:06.189465+00:00,099b1bee68fe7bd5915017c3645813534c1bde989fbaeef420ae4040539c29c6,177.325656,14.390358,1,178.466176,1,,,370.584,0,0,False,True,,False
vixsrc,spirited-away,Spirited Away,anime_movie,129,,,resolve_error,2026-10-03T03:43:06.563811+00:00,099b1bee68fe7bd5915017c3645813534c1bde989fbaeef420ae4040539c29c6,177.570237,13.829953000000001,1,182.53507199999999,1,,,374.332,0,0,False,True,,False
vixsrc,your-name,Your Name.,anime_movie,372058,,,resolve_error,2026-10-03T03:43:06.961297+00:00,099b1bee68fe7bd5915017c3645813534c1bde989fbaeef420ae4040539c29c6,177.056533,37.888107999999995,1,182.11486399999998,1,,,397.46,0,0,False,True,,False
vixsrc,suzume,Suzume,anime_movie,916224,,,resolve_error,2026-10-03T03:43:07.340324+00:00,099b1bee68fe7bd5915017c3645813534c1bde989fbaeef420ae4040539c29c6,183.506957,13.957768,1,181.152234,1,,,379.009,0,0,False,True,,False
vixsrc,boy-heron,The Boy and the Heron,anime_movie,508883,,,resolve_error,2026-10-03T03:43:07.743033+00:00,099b1bee68fe7bd5915017c3645813534c1bde989fbaeef420ae4040539c29c6,181.647013,38.964569,1,181.668195,1,,,402.692,0,0,False,True,,False
